CustomerId;Profit;Recency;Frequency;Monetary;Variance
1;187;63;1;2349,06;2
2;96;10;6;922,62;4
3;47;35;4;881,22;3
4;294;5;1;3815,16;2
5;732;4;31;41868,11;29
6;37;16;3;2053,4;8
7;264;11;12;4861,49;12
8;188;4;8;4010,69;9
9;316;4;21;12636,8;20
10;528;5;18;17741,24;26
11;87;18;6;5542,36;10
12;58457;11;13;25965518,2;110
13;445;5;14;24193,52;23
14;434;17;8;35265,23;24
15;247;25;8;17161,14;17
16;111;4;7;1551,15;3
17;320;5;15;7345,29;20
18;18;7;2;339,1;5
19;36;40;7;774,44;5
20;26;59;3;251,98;2
21;156;32;4;11455,86;10
22;30;42;1;139,76;1
23;251;5;13;5230,98;19
24;42;41;3;351,06;3
25;94;5;5;2265,75;10
26;957;3;22;35229,52;34
27;3858;3;52;114028,95;41
28;304;47;4;5845,68;6
29;79;3;9;750,84;8
30;39;18;3;602,63;2
31;36;2;2;537;2
32;123;4;6;3461,61;12
33;115;55;3;5802,5;14
34;56;32;5;427,31;4
35;6;63;1;49,99;1
36;39;2;8;1195,41;6
37;548;2;14;23431,21;20
38;251;5;10;6580,88;8
39;597;3;27;29915,37;26
40;270;24;13;3499,2;9
41;638;6;16;37273,21;39
42;33273;3;62;3059273,52;96
43;8;40;1;75,48;1
44;8;63;1;75,48;1
45;435;4;14;20953,36;21
46;516;6;14;14164,84;22
47;29;3;4;295,92;4
48;314;3;15;8863,08;14
49;356;4;17;13089,16;19
50;191;6;3;1979,79;7
51;67669;1;77;31966480,14;134
52;667;1;3;55547,8;14
53;800;3;11;39119,06;25
54;414;5;25;65626,88;25
55;48;33;2;349,92;1
56;1192;4;24;93531,57;46
57;40;12;4;130,72;1
58;271;3;22;4340,73;8
59;442;5;13;18207,51;12
60;17;21;5;295,21;3
61;28;7;7;683,35;6
62;174;5;12;5437,51;15
63;318;3;13;9916,47;12
64;18;18;2;290,4;3
65;95;4;24;2178,73;13
66;145;10;9;7234,36;12
67;2851;10;11;467173,24;61
68;3645;3;36;73717,29;62
69;319;5;12;9566,5;7
70;1503;7;17;115407,56;50
71;82;21;5;1395,93;9
72;4553;49;8;105275,94;6
73;69;2;10;1186,25;6
74;793;4;13;31984,79;39
75;279;5;10;7465,7;18
76;195;6;17;2867,65;15
77;21;13;3;524,76;4
78;713;3;7;31663;18
79;325;7;6;25173,63;22
80;373;3;22;11111,18;22
81;166;10;7;6312,12;8
82;1509;7;18;75701,68;42
83;213;5;3;21170,92;22
84;316;5;20;6530,72;9
85;290;41;2;5392,08;4
86;71;6;12;1297,59;8
87;30;47;1;148,29;1
88;6;54;3;87,17;2
89;344;11;13;15997,74;28
90;1068;7;18;40522,53;39
91;313;4;23;13311,28;20
92;42;48;3;741,48;4
93;14724;4;10;795810,92;28
94;181;13;2;2739,04;5
95;452;11;17;15568,93;28
96;98;7;13;1176,92;7
97;2281;6;16;251457,4;30
98;204;6;7;6524,25;10
99;492;3;44;14273,02;20
100;1677;7;16;134508,7;34
101;1907;11;13;138180,25;42
102;264;19;10;7890,94;15
103;205;3;12;9996;18
104;61;6;9;2651,49;7
105;240;4;12;13218,21;19
106;30;66;1;16,44;1
107;230;3;5;11636,04;20
108;34;18;2;1552,87;7
109;182;7;9;3270,86;6
110;3152;2;22;109332,32;48
111;524;2;19;15718,21;24
112;597;3;10;30218,41;24
113;184;12;9;1700,68;7
114;452;3;13;15926,79;27
115;70;28;4;968,78;8
116;1382;6;15;89000,57;53
117;508;3;9;18499,61;22
118;144;32;4;1297,66;3
119;202;14;9;2581,31;8
120;74;45;3;1042,36;5
121;36;9;9;1375,16;8
122;153;4;6;8945,05;12
123;221;2;35;5359,9;10
124;234;76;1;12172,86;2
125;141;4;8;5130,72;13
126;10;49;1;124,69;1
127;376;14;12;16251,02;30
128;302;18;10;7417,74;11
129;342;4;17;12714,23;24
130;1361;13;7;49103,25;15
131;105;3;22;2583,67;9
132;1681;7;16;72922,99;42
133;22;13;2;309,38;3
134;85;18;5;3051,11;9
135;22;39;4;190,55;4
136;1389;2;8;30290,52;13
137;837;1;3;89532,87;19
138;663;5;12;52859,17;22
139;84;10;6;763,44;3
140;1191;4;13;54739,72;33
141;150;5;8;5670,2;12
142;349;3;26;9298,13;13
143;222;3;16;5691,82;14
144;155;42;6;5144,86;13
145;41189;2;65;6319742,34;103
146;226;12;12;5942,56;9
147;83;4;11;2234,87;7
148;1414;5;18;91745,88;56
149;200;6;10;9678,88;18
150;278;18;8;4483,91;13
151;117;5;10;854,03;5
152;70;3;4;1226,05;5
153;270;3;4;3222,76;4
154;703;3;12;10930,32;11
155;7631;3;58;459055,86;45
156;76;5;8;878,37;6
157;177;27;9;6751,55;13
158;100;84;1;1099,9;1
159;113;7;11;4058,37;12
160;220;19;11;7581,11;9
161;50;11;4;536,39;3
162;237;4;8;5288,77;13
163;906;2;25;32039,27;30
164;20;68;1;85,22;1
165;104;10;4;563,76;3
166;58;6;10;1335,74;5
167;37;12;9;413,43;6
168;35;34;2;1034,14;4
169;152;11;5;7864,08;9
170;132;14;4;4792,79;12
171;561;4;21;19394,13;35
172;153;11;3;7841,84;13
173;65;13;19;805,58;6
174;173;6;7;1175,15;5
175;6015;42;13;61685,44;10
176;603;45;3;7177,68;5
177;30;3;9;523,66;5
178;67;19;4;1938,81;9
179;1349;3;19;47898,18;37
180;130;21;5;2144,24;4
181;1031;4;25;67709,38;38
182;1691;16;10;29748,27;14
183;22;83;1;261,18;2
184;24;41;1;174,96;1
185;605;7;10;15489,51;17
186;492;3;27;15603,6;21
187;11;67;2;260,33;3
188;1994;7;14;92115,18;23
189;170;12;5;8733,48;20
190;76;21;7;2874,69;10
191;210;63;1;4528,92;3
192;374;3;15;17933,52;39
193;43;3;7;1269,48;8
194;5;3;1;133,45;1
195;30;48;1;148,29;1
196;310;5;8;21233,56;17
197;68;7;4;1548,38;5
198;3899;2;37;210361,74;44
199;18;32;2;100,38;2
200;69;11;6;1510,53;9
201;344;62;2;6511,92;6
202;700;4;26;47927,88;28
203;177;1;3;5869,97;8
204;423;7;14;15919,92;32
205;258;3;21;5693,63;25
206;588;4;15;9448,49;14
207;179;5;3;6292,66;12
208;58;5;11;1555,38;9
209;240;10;22;3909,77;14
210;50;4;16;1157,21;5
211;266;3;6;13826,76;18
212;124;14;9;5678,1;11
213;85;18;3;1568,96;6
214;146;6;15;1621,59;8
215;136;3;9;4895,77;9
216;607;4;35;21229,71;19
217;180;1;3;5187,32;6
218;24;41;1;94,8;1
219;132;53;2;1354,09;3
220;1114;2;24;25270,98;21
221;284;7;11;9790,06;15
222;72;6;8;970,6;6
223;2691;5;13;287959,57;61
224;165;20;1;3067,35;1
225;179;3;4;7422,96;9
226;34;12;8;658,31;8
227;636;3;15;36841,14;37
228;492;1;3;26279,52;13
229;687;5;14;30920,68;26
230;42;13;4;680,38;2
231;625;4;23;22100,67;37
232;652;5;13;86669,64;26
233;141;21;5;3867,5;10
234;290;2;15;12101,2;19
235;31;25;4;319,03;4
236;838;7;17;26820,7;31
237;7818;33;3;332032,74;6
238;191;7;3;2966,16;7
239;36;9;3;783,37;5
240;311;4;18;23974,04;21
241;397;2;17;8258,09;11
242;86;12;7;794,56;4
243;1210;2;32;52025,69;26
244;472;11;13;17900,85;25
245;40;69;3;728,98;5
246;755;4;10;50024,63;34
247;906;5;14;76543,53;42
248;507;5;26;11365,45;20
249;491;5;8;23674,2;17
250;169;34;5;4556,51;8
251;427;7;19;14783,38;17
252;264;3;8;5315,03;10
253;2526;3;14;367264,7;40
254;111;5;10;1725,8;12
255;1732;6;15;107212,51;56
256;554;5;12;28136,79;30
257;154;3;15;3704,3;11
258;121;18;4;4833,1;12
259;48;12;4;294,3;4
260;111;68;4;4801,15;12
261;77;13;3;4046,3;11
262;1977;6;12;124036,52;43
263;995;6;21;43465,13;30
264;438;3;15;12548,11;22
265;426;10;6;21889,92;22
266;36;4;14;578,84;2
267;798;45;5;120516,1;47
268;945;4;20;50470,82;34
269;648;3;21;31604,13;38
270;30;4;1;273,93;1
271;36;72;1;577,92;2
272;280;3;9;5964,15;7
273;45;52;1;777;2
274;72;55;2;4987,68;11
275;36;14;2;475,9;2
276;92;2;8;1058,88;10
277;72;69;1;599,88;1
278;46;17;4;974,74;5
279;830;7;11;53832,29;32
280;779;20;15;15600,45;27
281;838;10;19;47984,74;42
282;60;73;1;281,56;1
283;36;45;3;909,8;4
284;200;24;7;2960,9;7
285;1250;6;16;67892,02;45
286;164;14;4;7462,58;7
287;109;13;3;3366,59;7
288;30;41;4;606,3;3
289;20;46;2;781,92;3
290;2177;4;28;186689,16;52
291;4;33;1;49,99;1
292;56;3;9;1342,64;7
293;1831;5;17;85888,68;54
294;2584;3;25;194548,55;58
295;52;46;1;981,24;1
296;142;20;5;1081,07;4
297;820;7;17;49656,4;52
298;56;34;6;1213,2;8
299;132;19;2;759,92;2
300;63;32;2;1430,52;2
301;273;5;12;3196,2;9
302;243;1;3;8459,7;7
303;86;10;5;1795,02;6
304;69;13;10;850,27;7
305;3;81;1;72,56;2
306;47;25;4;708,77;7
307;185;21;17;2688,48;9
308;449;3;12;21055,97;29
309;199;4;10;2551,91;8
310;1092;7;14;79058,43;42
311;888;4;14;53908,76;39
312;20;55;1;249,95;1
313;1009;7;27;29839,79;43
314;347;7;22;15631,86;18
315;10;42;1;56,03;1
316;200;55;3;1099,9;1
317;169;17;9;4478,65;17
318;194;3;13;4625,11;19
319;361;14;7;9695,37;12
320;1229;4;23;84738,19;58
321;108;6;3;3393,31;7
322;63;11;9;1042,45;6
323;365;10;7;21529,08;29
324;558;5;13;17884,42;35
325;23;16;1;641,86;2
326;231;7;11;7870,44;17
327;416;7;10;18893,61;23
328;735;4;10;38667,31;36
329;59;40;3;5002,08;10
330;288;5;10;7440,02;16
331;809;3;11;33928,58;25
332;206;25;5;2927,02;6
333;1165;3;7;76883,66;25
334;797;12;4;18690,46;10
335;638;3;9;38239,67;27
336;2181;2;39;62398,89;30
337;682;6;10;32927,37;25
338;693;4;16;31351,32;31
339;137;6;11;4313,06;11
340;30;87;1;193,23;1
341;12;74;1;130,47;1
342;64;14;3;2758,22;8
343;851;11;6;27152,31;10
344;462;4;21;11361,97;24
345;559;3;7;34635,08;21
346;420;13;3;3497,52;3
347;516;6;8;44667,22;23
348;12;47;1;247,94;2
349;50;6;1;506,82;2
350;1131;4;20;63703,52;49
351;616;6;15;39185,96;40
352;360;59;1;4949,55;2
353;522;3;24;21243;18
354;38;35;6;433,64;5
355;50;52;1;1025,16;2
356;366;4;21;11088,62;11
357;163;4;11;3299,13;8
358;298;4;25;5378,96;12
359;110;4;6;3813,61;14
360;16392;4;35;664926,51;100
361;59;18;4;3726,16;12
362;425;18;9;26582,44;16
363;1022;5;16;39409,47;40
364;922;52;3;88554,77;28
365;297;4;13;6474,4;10
366;99;18;6;2642,3;9
367;521;6;16;25645,91;26
368;576;1;3;40867,27;14
369;9;3;3;88,56;1
370;1137;4;24;97074,2;48
371;332;11;9;7422,11;17
372;54;3;2;2275,66;7
373;240;54;1;7439,4;1
374;824;3;27;32708,8;46
375;1248;5;19;93521,74;54
376;120;42;6;2187,76;9
377;444;3;21;11420,25;24
378;385;5;21;12742,92;23
379;532;5;15;36371;23
380;1504;1;7;165526,76;35
381;32;7;2;540,88;4
382;16;45;1;268,12;2
383;1497;9;19;102748,32;45
384;25;32;1;283,1;2
385;168;10;5;4111,39;11
386;1816;2;27;26988,78;33
387;318;77;1;2286,95;1
388;695;11;14;22351,99;33
389;175;5;11;6153,52;15
390;601;3;22;20533,99;19
391;74;11;10;979,88;6
392;186;5;9;7121,49;7
393;501;7;26;15946,84;18
394;681;4;26;40525,02;24
395;314;47;7;13519,64;21
396;4438;63;1;6166031,04;57
397;10;7;1;395,76;2
398;165;4;9;3953,35;8
399;193;2;9;3757,31;11
400;45822;4;15;32539936,23;130
401;61;35;2;3687,29;7
402;30;47;1;256,24;2
403;224;7;9;4270,27;8
404;873;3;24;9282,33;13
405;1566;1;4;169023,92;24
406;10;42;1;58,46;1
407;103;6;6;3486,62;8
408;81;32;2;1254,59;3
409;79;7;15;1550,04;5
410;18561;3;65;1118569,77;90
411;531;5;6;65949,45;21
412;126;7;8;2524,5;7
413;111;5;8;3603,23;9
414;453;3;9;25455,43;22
415;79;5;5;1445,92;7
416;9;54;1;59,25;1
417;257;5;11;10279,22;8
418;426;3;17;11221,6;13
419;791;5;19;56997,26;36
420;902;18;11;65904,96;37
421;383;7;17;18309,41;20
422;57;10;13;564,5;4
423;12;40;1;283,56;2
424;74;69;2;3956,3;12
425;653;5;18;24928,34;31
426;453;4;8;18616,23;15
427;451;4;15;19719,87;17
428;193;35;3;3040,86;7
429;1865;5;28;86601,45;59
430;462;5;18;20905,01;26
431;229;2;20;5995,59;10
432;24;87;1;463,84;2
433;128;5;6;2105,55;7
434;241;6;19;5052;9
435;74;49;4;1122,54;5
436;124;49;5;1810,72;6
437;74;6;30;1506,78;6
438;177;6;5;1553,46;6
439;1910;40;2;2422,77;8
440;14;48;4;126,07;3
441;586;2;35;25558,24;31
442;38;5;10;349,74;3
443;2239;11;18;188719,18;50
444;8;41;1;75,48;1
445;2698;6;8;18910,46;6
446;251;25;12;6396,41;12
447;234;3;18;6135,49;17
448;25;11;1;801,16;4
449;337;4;19;10834,76;20
450;323;13;12;8296,07;20
451;157;18;9;3905,25;12
452;90;7;9;2035,3;8
453;416;5;11;17686,6;27
454;448;66;2;40820,38;20
455;474;5;13;23913,99;24
456;16;32;3;281;4
457;286;4;14;2976,59;8
458;132;6;6;3168,52;17
459;50;14;2;356,75;2
460;26;13;3;489,99;3
461;266;5;6;21568,99;8
462;2880;3;9;11446,08;1
463;505;25;5;8007,42;5
464;15;42;2;689,94;5
465;226;5;8;4968,72;15
466;194;4;15;4965,93;18
467;6;14;1;49,99;1
468;130;3;12;2930,69;10
469;154;12;14;2645,32;9
470;376;6;14;21975,86;31
471;171;40;7;4858,63;9
472;870;33;10;4833,89;3
473;134;6;7;5241,53;14
474;183;5;12;4466,03;10
475;70;12;3;1661,71;4
476;12;5;1;107,4;1
477;432;4;21;23142,45;20
478;851;2;26;30530,76;13
479;336;75;1;6340,32;1
480;61;34;2;3290,22;8
481;5505;41;10;87831,89;15
482;380;6;13;16528,76;21
483;271;11;6;2905,96;6
484;92;10;2;871,2;3
485;171;19;4;7700,66;14
486;578;3;37;17547,96;27
487;370;7;12;21693,72;32
488;1557;3;11;79169,46;24
489;212;9;11;3593,68;17
490;47;7;5;776,72;4
491;155;4;19;4336,95;10
492;57;27;5;2288,13;10
493;36;14;3;322,2;2
494;30;10;1;203,1;1
495;10;33;2;381,8;2
496;360;9;8;31131,89;20
497;419;12;7;17589,11;16
498;96;2;7;5026,9;15
499;213;5;8;4177,31;14
500;63;21;3;1901,06;7
501;648;3;26;23444,79;40
502;903;4;26;47556,92;47
503;69;18;3;1050,7;7
504;346;4;22;9771,68;23
505;13;10;1;325,86;2
506;1559;2;16;76179,43;55
507;197;33;3;3230,55;4
508;132;6;11;4366,29;10
509;43;5;9;494,82;7
510;327;11;11;9974,5;16
511;292;7;19;10002,14;22
512;80;55;3;3372,32;5
513;9;4;3;284,41;4
514;885;5;17;57228,6;45
515;90;41;6;1678,71;6
516;76;5;8;878,37;6
517;1466;3;16;66393,86;58
518;191;77;1;33337,59;19
519;609;7;18;26350,22;28
520;849;11;6;22226,01;16
521;183;13;6;2669,25;5
522;1227;4;20;55441,15;53
523;257;3;9;11715,4;19
524;130;19;6;2640,09;5
525;437;7;22;7043,44;14
526;61;12;10;1216,07;6
527;373;40;2;8154,03;6
528;323;4;14;12431,73;16
529;173;13;9;4463,7;7
530;738;4;13;41817,35;32
531;85;7;9;1401,02;8
532;209;5;17;6589,21;14
533;278;4;14;9236,72;27
534;181;11;8;2517,43;4
535;997;6;15;54749,65;48
536;240;47;4;3199,9;5
537;110;66;2;2644,88;5
538;484;4;10;15494,56;19
539;335;10;8;2635,55;6
540;520;7;18;12967,55;25
541;210;4;1;6576,8;2
542;588;12;6;8729,42;5
543;618;5;18;8798,27;13
544;404;2;16;7054,33;12
545;747;6;3;22024,01;9
546;1049;1;3;110299,82;18
547;12;5;1;264,2;2
548;371;5;1;57359,56;47
549;36;47;1;617,98;2
550;92;3;11;1157,63;6
551;262;19;13;6926,8;15
552;571;3;11;26524,78;17
553;373;4;11;10900,52;13
554;80;7;6;2849,74;10
555;1068;4;11;11399,2;9
556;60;5;7;1128,76;7
557;8;52;1;58,58;1
558;28;7;11;483,04;5
559;12;4;1;99,98;1
560;188;5;20;2713,91;9
561;140;13;4;5017,42;12
562;30;55;1;119,23;1
563;320;54;2;8055,23;3
564;92;5;11;1935,21;5
565;110;7;9;2622,74;10
566;120;42;1;436,74;1
567;694;5;19;28333,53;25
568;994;6;9;65287,82;36
569;23;80;2;145,87;2
570;22;46;4;476,8;3
571;372;19;9;10103,49;13
572;21;19;2;119,98;2
573;28;25;2;355,99;2
574;852;5;15;39359,08;38
575;895;4;15;126093,42;49
576;185;6;14;3414,97;8
577;72;9;2;3528,72;7
578;725;3;15;32153,13;36
579;180;5;5;25266,34;25
580;965;5;18;34462,52;38
581;2;21;2;15,78;1
582;385;32;7;19272,65;12
583;91;7;9;2187,29;12
584;8;28;1;362,24;2
585;2580;4;4;54926,53;4
586;898;11;5;28946,64;11
587;26;3;2;212,14;2
588;64;39;4;648,89;2
589;401;18;6;8114,24;12
590;194;2;5;12489,9;13
591;148;12;14;1836,72;10
592;107;6;8;4001,15;7
593;42424;2;69;4913887,25;105
594;612;7;11;44265,86;36
595;1176;33;13;21438,76;31
596;46;18;8;723,82;9
597;641;5;23;21728,42;19
598;182;20;10;3786,27;15
599;693;5;16;25026,56;30
600;533;2;21;9173,21;11
601;422;4;11;17958,07;34
602;13;6;2;54,55;2
603;266;5;15;14625,99;20
604;15;70;1;8,22;1
605;12;56;1;113,22;1
606;226;42;2;29800;23
607;308;9;21;12031,19;20
608;300;4;2;6999,14;3
609;851;2;13;36543,55;22
610;23;28;3;214,02;3
611;82;13;7;1308,4;5
612;334;27;10;3516,8;8
613;348;3;10;22681,99;17
614;802;4;14;42685,6;25
615;6;3;1;59,04;1
616;59;33;3;1253,43;4
617;153;21;8;2219,76;9
618;154;6;4;1821,44;5
619;16;6;4;476,17;2
620;100;53;1;389,75;1
621;295;7;10;5459,98;8
622;501;4;11;34773,63;29
623;319;5;12;9566,5;7
624;609;9;2;75576,31;20
625;249;6;1;33891,9;21
626;409;3;22;13890,79;12
627;829;5;12;47589,88;27
628;6;25;1;49,99;1
629;306;3;20;2669,32;10
630;1788;4;16;24040,96;16
631;12;3;2;69,34;2
632;180;6;12;6622,84;16
633;16;58;1;337,2;3
634;356;5;20;11757,76;25
635;155;12;8;5097,82;9
636;374;7;19;7470,72;7
637;117;45;2;1347,36;3
638;37;34;1;2353,96;4
639;419;12;3;47288,16;28
640;297;4;17;7056,07;7
641;108;13;6;3748,34;13
642;960;5;3;5359,8;2
643;270;7;12;17550,35;18
644;18;48;2;856,47;2
645;85;13;4;2494,91;9
646;38;39;4;355,96;3
647;26;89;1;259,56;2
648;202;4;10;3925,34;13
649;417;42;7;26944,74;20
650;268;5;4;8330,38;6
651;14;5;5;190,7;5
652;4583;1;62;146783,76;41
653;3564;4;36;132322,71;33
654;224;10;4;18670,41;16
655;255;48;2;1334,37;2
656;495;6;18;14419,81;33
657;153;10;4;2103,76;7
658;396;7;12;15963,75;18
659;498;7;24;18689,9;24
660;111;3;7;3041,54;13
661;298;10;17;7018,58;8
662;711;3;11;56469,19;44
663;578;6;13;26605,82;32
664;82;2;8;1215,63;5
665;4;61;1;37,74;1
666;272;6;13;7558,83;13
667;369;18;16;13630,23;22
668;465;3;12;20418,93;18
669;2811;3;55;51545,76;40
670;62;42;8;1253,38;7
671;8;25;1;96,98;1
672;567;4;13;9852,13;19
673;661;3;11;23325,34;19
674;1648;5;16;161603,86;47
675;188;5;12;7667,15;8
676;323;1;3;12149,47;8
677;366;7;12;21566,29;19
678;44;35;4;385,94;3
679;1711;12;16;128976,58;50
680;797;6;11;13192,55;13
681;42583;2;61;6538312,08;100
682;2;73;1;37,18;1
683;24;73;1;429,6;2
684;190;69;1;3568,1;2
685;282;6;18;8242,13;14
686;61;3;8;2173,11;7
687;35;3;5;741,39;6
688;82;41;3;2460,26;5
689;6630;4;26;286682,22;80
690;655;5;14;36381,7;34
691;20;54;1;573,66;3
692;374;2;32;20572,07;17
693;554;21;15;17710,41;21
694;429;3;10;13845,82;25
695;18;11;2;192,42;2
696;41;17;4;894,8;7
697;49;14;7;373,6;3
698;417;7;9;24404,75;23
699;177;5;14;2291,94;11
700;94;55;2;2451,87;4
701;536;5;13;24344,84;25
702;355;7;13;7441,68;11
703;154;10;4;2921,74;8
704;87;56;5;1863,75;6
705;2963;3;41;71831,96;43
706;300;4;2;6999,14;3
707;52;12;6;1131,18;6
708;153;13;13;2812,06;21
709;72;5;11;2695,89;9
710;58;40;5;560,23;6
711;49;5;7;585,05;7
712;410;6;15;12652,32;37
713;540;16;14;22534,92;14
714;212;3;11;5591,82;15
715;931;5;13;31876,83;38
716;194;5;8;6583;13
717;799;11;7;13767,12;15
718;12;6;2;182,24;2
719;148;7;15;2974,93;12
720;69;4;6;3292,09;9
721;303;7;5;3701,02;9
722;50;35;3;2706,79;7
723;30;88;1;427,66;2
724;54;2;3;1036,29;3
725;294;6;12;17959,06;25
726;39;24;4;689,98;7
727;607;6;14;9282,66;15
728;151;10;10;2500,82;12
729;68;2;6;595,58;2
730;2684;46;4;39361,26;7
731;100;3;2;565,69;2
732;946;10;17;28362,6;23
733;59;30;11;1214,61;8
734;61;12;10;1216,07;6
735;81;5;2;1303,58;4
736;437;11;8;19620,17;24
737;954;3;26;19262,05;32
738;139;7;14;3339;8
739;143;7;3;3724,87;6
740;101;9;4;1965,65;8
741;90;3;10;3868,92;12
742;284;7;11;12529,15;15
743;4;3;1;37,74;1
744;1169;6;11;83941,07;43
745;877;3;13;41848,83;40
746;432;1;3;13924,72;10
747;1255;5;14;43522,34;45
748;78;4;8;1275,44;7
749;499;4;24;30801,35;24
750;243;5;12;8967,4;21
751;270;7;19;8006,09;15
752;72;6;9;2246,53;11
753;204;17;7;4669,45;16
754;35;3;14;483,92;4
755;300;4;2;6999,14;3
756;65;7;11;904,14;7
757;300;4;2;6999,14;3
758;10;25;1;56,03;1
759;839;5;13;64598,08;21
760;1386;4;29;50410,74;39
761;352;18;2;13366,85;12
762;29;7;7;415,96;4
763;1259;3;9;67930,2;31
764;35;2;16;718,11;7
765;99;5;2;4103,49;7
766;643;12;13;47816,01;38
767;680;51;1;3399,66;1
768;115;2;11;3170;11
769;572;7;10;43445,58;42
770;90;41;6;1589,2;11
771;245;11;4;20805,98;21
772;749;5;13;45893,69;24
773;2290;2;27;146511,19;37
774;1113;6;18;57805,32;30
775;53;21;9;1323,2;8
776;749;35;7;18613,41;14
777;713;5;13;44982,08;38
778;1464;5;13;110315,39;38
779;1301;4;13;108995,11;50
780;66;5;7;2775,94;6
781;12;33;2;126,14;2
782;1352;5;15;62524,44;47
783;304;6;10;5452;11
784;468;4;22;12570,79;18
785;639;4;29;16012,14;14
786;13;4;2;239,32;2
787;24;43;1;195,06;1
788;44;5;4;1145,18;6
789;244;4;18;4869,39;18
790;86;10;13;1389,97;10
791;10;35;1;191,52;2
792;235;7;9;4377,9;4
793;161;62;3;3226,87;6
794;75;24;3;1360,17;5
795;73;6;4;2032,24;7
796;1723;4;29;15160,78;27
797;1238;3;34;24602,59;44
798;77;5;6;1241,98;6
799;390;47;3;2240,72;3
800;560;7;14;27237,69;32
801;364;3;17;10805,85;27
802;751;14;16;29301,48;30
803;40;12;1;2870,8;3
804;40;59;1;247,98;1
805;78;87;1;2844,18;6
806;170;14;3;1825,74;6
807;5;58;1;191,7;2
808;187;11;12;6793,07;15
809;868;3;22;46744,22;44
810;6;49;1;49,99;1
811;216;47;2;2068,02;3
812;17;23;2;593,44;4
813;323;6;10;10230,92;10
814;1028;7;13;82215,45;55
815;244;2;12;8753,54;21
816;59;5;4;1031,92;4
817;62;5;6;554,03;5
818;1376;3;33;73409,21;53
819;1764;7;17;93410,59;60
820;381;5;12;9793,63;8
821;93;7;9;4375,47;14
822;1085;5;12;87560,52;39
823;652;2;20;19712,18;18
824;444;3;23;10238,08;15
825;21;42;2;1208,89;6
826;546;5;15;36921,52;24
827;1274;3;15;71580,38;48
828;88;52;4;1526,73;5
829;27786;12;15;8145307,54;94
830;132;32;2;5728,32;5
831;250;2;15;6976,49;18
832;448;21;6;2868,52;6
833;106;5;10;1720,64;7
834;263;5;13;9835,83;8
835;1432;5;15;137346,24;32
836;2652;25;8;68881,43;5
837;294;14;10;13095,87;20
838;133;6;8;1969,6;6
839;106;6;8;5215,4;11
840;3021;6;19;244349,05;65
841;213;12;6;7665,88;17
842;15;10;1;278,85;1
843;213;12;10;7188,65;22
844;220;6;9;9481,37;9
845;192;4;19;3791,97;13
846;18;47;2;161,1;1
847;1478;4;24;90326,14;56
848;75;49;8;874,25;7
849;355;5;13;13288,95;23
850;375;6;9;16475,31;8
851;41;5;9;705,26;7
852;151;20;3;3568,77;4
853;102;3;6;1914,9;8
854;1767;5;22;97272,49;60
855;188;6;17;6303,24;9
856;15;76;1;70,39;1
857;728;5;16;32955,25;34
858;140;10;7;4532,66;9
859;527;4;9;58293,79;34
860;120;4;3;812,4;1
861;1881;5;16;105506,26;59
862;573;5;9;64052,41;31
863;829;4;24;20503,36;15
864;827;6;17;47474,76;26
865;377;59;4;3966,05;6
866;451;10;12;21288,87;27
867;636;5;9;28069,56;38
868;25428;34;7;142547,06;7
869;1;32;1;7,89;1
870;580;4;18;14664,93;31
871;148;7;11;3639,95;13
872;653;6;12;31333,94;15
873;64;13;12;1060,49;7
874;1259;7;17;52100,2;43
875;356;3;24;9277,15;13
876;150;5;6;3720,72;4
877;10;17;2;197,88;2
878;355;4;13;22050,02;15
879;42397;3;52;779346,49;98
880;300;4;2;6999,14;3
881;78;48;4;3660,77;8
882;300;4;2;6999,14;3
883;30;6;3;892,01;8
884;781;4;10;39485,52;35
885;4;17;1;37,74;1
886;1100;2;28;52876,97;41
887;33;32;6;651,37;5
888;246;1;3;10788,36;8
889;168;3;2;10348,39;11
890;77;5;8;1588,25;7
891;189;17;5;1307,49;5
892;72;11;2;1231,36;4
893;39;13;2;1208,82;4
894;636;4;21;21218,35;30
895;1070;48;4;110996,1;39
896;130;4;4;1805,7;7
897;762;5;18;27480,2;33
898;309;7;9;26561,31;26
899;430;3;14;9691,09;12
900;160;2;12;1826,9;4
901;407;3;8;18689,3;19
902;113;33;7;2853,13;8
903;160;84;1;1509,6;1
904;8;39;1;58,58;1
905;137;5;7;6971,09;14
906;91;77;1;7312,23;9
907;682;5;14;28299,73;29
908;68;3;4;1765,06;9
909;1106;7;20;76640,95;55
910;242;7;16;3942,26;13
911;402;4;37;10581,29;14
912;82;41;3;2460,26;5
913;180;63;1;3196,5;2
914;310;6;16;8161,62;11
915;158;46;4;1697,56;4
916;1342;3;24;64935,49;55
917;980;3;16;38342,38;36
918;126;5;7;4173,97;12
919;190;3;8;10416,61;15
920;204;7;11;8821,47;13
921;89;28;5;2508,17;7
922;305;2;18;6989,82;12
923;14;47;1;223,64;2
924;124;4;10;3114,92;10
925;352;3;13;8001,38;18
926;230;4;6;8846,23;14
927;243;7;18;6652,88;23
928;143;23;2;7033,32;10
929;130;21;4;9006,19;12
930;1277;6;26;66846,79;41
931;268;6;3;2000,76;3
932;72;19;5;646,65;7
933;100;12;8;3086,02;10
934;3851;3;31;233777,88;41
935;169;9;12;3301,53;10
936;28;12;5;737,9;5
937;124;10;11;3399,75;7
938;1460;3;10;65198,32;45
939;726;4;14;14903,21;21
940;144;3;1;695,76;1
941;13;87;1;298,35;3
942;37692;11;5;19508751,9;109
943;10;17;5;159,33;3
944;273;3;35;3827,59;15
945;262;13;11;8513;7
946;395;6;14;17208,6;23
947;353;7;19;10957,61;27
948;90;11;13;8631,27;23
949;146;4;10;1076,9;5
950;10;21;2;112,66;2
951;1401;12;15;167885,56;55
952;192;4;21;3447,44;11
953;189;1;3;6876,27;5
954;60;5;1;299,97;1
955;642;4;13;21839,95;30
956;158;7;19;2841,52;15
957;390;4;16;15809,28;22
958;243;23;11;11247,9;21
959;194;4;6;3804,65;10
960;62;48;2;235,6;1
961;986;5;13;55384,84;40
962;307;10;21;9710,89;26
963;492;3;24;12157,08;37
964;60;10;8;1273,4;8
965;20;61;1;112,06;1
966;266;2;13;4043,96;6
967;400;74;1;1880,8;1
968;21;17;14;395,19;5
969;313;28;10;19130,5;28
970;1;32;1;7,29;1
971;197;11;16;2377,08;15
972;699;3;11;31420,29;19
973;391;10;22;11226,3;18
974;705;7;19;25141,43;36
975;1306;42;7;176922,55;32
976;202;3;26;3318,11;13
977;15;3;1;70,39;1
978;135;7;6;2822,96;8
979;1465;3;20;119739,13;41
980;3;75;1;73,47;1
981;110;4;11;2338,45;10
982;508;6;18;21756,97;28
983;217;4;15;6566,83;14
984;914;5;19;47947,85;36
985;141;13;5;803,34;5
986;385;6;14;7040,68;16
987;204;11;2;7303,2;4
988;195;53;5;9492,33;3
989;176;1;3;6611,06;8
990;170;4;12;4606,59;15
991;168;13;7;3126,58;7
992;1230;5;33;50437,95;29
993;89;2;20;2293,18;7
994;176;34;8;14005,62;19
995;628;6;12;37634,5;16
996;1012;6;13;49065,75;32
997;415;12;5;20737,35;20
998;62;4;5;1514,38;10
999;99;5;4;4879,3;10
1000;28;5;5;263,72;2
1001;196;6;10;2258,38;5
1002;153;4;12;2021,12;8
1003;263;7;22;5131;20
1004;77;3;9;1626,9;5
1005;6;32;1;59,04;1
1006;101;5;7;4327,82;11
1007;647;2;19;24822,38;23
1008;391;3;12;12183,13;24
1009;18;4;2;413,28;3
1010;870;3;24;38000,18;33
1011;1106;7;14;98750,65;56
1012;515;10;7;31714,6;31
1013;97;5;9;2268,02;12
1014;413;11;9;32792,93;26
1015;8;55;1;75,48;1
1016;894;3;18;31481,53;41
1017;20;56;1;188,7;1
1018;158;24;9;3184,62;9
1019;1832;4;37;54592,49;58
1020;73;14;7;1117,58;7
1021;269;6;9;9854,03;15
1022;293;20;4;25942,7;12
1023;212;16;11;3999,01;14
1024;488;12;15;25444,51;19
1025;785;2;25;48644;40
1026;252;2;7;11392,71;23
1027;8;48;1;75,48;1
1028;227;11;5;2316,7;7
1029;80;25;5;768,58;2
1030;1512;18;13;85145,21;40
1031;15;10;1;278,85;1
1032;564;3;9;33983,72;21
1033;235;10;15;6655,41;19
1034;231;30;7;9238,58;13
1035;286;3;8;7986,46;18
1036;244;2;13;7112;17
1037;203;4;12;7528,02;17
1038;50;91;1;1341,87;3
1039;1122;4;17;95439,7;37
1040;465;7;16;33621,13;14
1041;176;18;4;1672,88;2
1042;78;4;4;1469,1;4
1043;169;4;5;3830,8;12
1044;976;5;19;96728,61;49
1045;192;25;9;6048,68;9
1046;60;42;1;1074;2
1047;97;5;24;1467,54;6
1048;8614;3;32;162014,88;49
1049;553;6;19;28819,56;19
1050;246;3;15;5858,7;25
1051;89;34;3;6725,17;8
1052;133;4;12;2416,52;18
1053;76;46;2;1315,12;5
1054;62;45;3;1227,16;4
1055;327;5;19;9823,36;9
1056;162;3;12;4452,96;11
1057;158;5;6;8108,84;13
1058;15;32;9;248,31;3
1059;2793;3;36;97813,02;40
1060;100;4;8;781,14;5
1061;30;51;2;665,25;5
1062;217;2;13;5909,07;20
1063;700;2;17;17014,43;18
1064;979;1;3;113190,15;23
1065;2089;6;23;42282,5;30
1066;50;44;3;1165,04;6
1067;291;6;8;8737,86;14
1068;7744;4;25;381228,3;85
1069;228;53;5;13096,14;13
1070;628;5;15;24569,16;38
1071;475;4;12;23768,47;34
1072;26;51;2;444,21;4
1073;270;5;9;8038,11;12
1074;6615;63;1;112525,56;1
1075;366;35;6;20434,58;22
1076;240;9;16;5348,36;9
1077;418;11;10;5261,06;7
1078;117;3;5;1669,98;6
1079;114;11;6;6975,28;14
1080;144;5;7;2206,99;13
1081;46;32;2;2872,58;7
1082;13;16;3;163,33;3
1083;30;5;3;737,92;3
1084;10;44;2;56,03;1
1085;272;4;21;10164,34;20
1086;338;3;18;9953,41;22
1087;440;4;11;13196,09;34
1088;225;16;7;11653,89;26
1089;90;45;1;422,34;1
1090;149;5;5;2851,55;12
1091;1263;6;14;110135,77;53
1092;315;1;3;10620,18;7
1093;258;1;2;20117,64;12
1094;176;56;3;2385,92;4
1095;497;11;11;42589,55;26
1096;132;47;3;4405,83;1
1097;36;11;4;525,56;4
1098;199;6;17;4413,81;14
1099;80;35;5;1828,36;6
1100;1348;5;19;56425,56;42
1101;1339;4;12;134069,6;52
1102;8;23;2;79,28;2
1103;311;6;15;4327,48;9
1104;262;13;11;8513;7
1105;338;74;3;14641,83;17
1106;220;3;8;6380,17;9
1107;134;35;3;20186,64;24
1108;4;41;1;49,99;1
1109;64;5;15;1106,94;5
1110;48;46;3;644,4;2
1111;1193;3;13;40797,78;19
1112;818;5;10;69127,49;40
1113;1423;33;11;36207,39;28
1114;159;5;11;5986,9;11
1115;48;51;1;1034,76;2
1116;112;10;4;3237,85;12
1117;28;20;3;353,81;4
1118;30;20;1;169;1
1119;10;33;1;78,9;1
1120;9218;3;19;504995,78;9
1121;140;39;11;1454,78;3
1122;207;1;2;7168,8;6
1123;712;4;18;20274,49;32
1124;15707;2;75;2572371,81;26
1125;155;14;2;11225,2;15
1126;397;4;14;7659,55;14
1127;849;5;12;63934,51;36
1128;56;4;6;872,4;8
1129;52;65;1;1319,61;3
1130;5034;3;18;191631,99;5
1131;84;41;2;1048,08;2
1132;57175;1;77;27594022,24;139
1133;30;9;3;455,58;4
1134;362;4;12;8510,43;29
1135;432;5;5;4374,06;4
1136;232;5;10;2758,86;9
1137;1321;4;20;97847,34;55
1138;360;5;1;3196,2;2
1139;450;13;8;21473,15;12
1140;6;33;4;90,04;4
1141;1356;27;8;13511,25;5
1142;24;18;2;343,6;2
1143;1459;3;5;43863,91;9
1144;36;5;1;243,72;1
1145;18;54;1;363,9;2
1146;3193;1;50;85187,16;39
1147;87;3;9;904,23;9
1148;1082;4;25;44046,26;49
1149;382;14;3;16046,28;13
1150;2191;7;35;55522,8;34
1151;480;59;1;18115,2;1
1152;12;18;1;80,92;1
1153;293;7;17;9604,72;26
1154;1737;1;3;288184,81;31
1155;373;21;7;11470,05;15
1156;114;5;10;1149,64;5
1157;310;2;13;7992,37;19
1158;12;25;1;113,22;1
1159;36;19;2;333,84;2
1160;2246;2;38;74885,76;28
1161;1089;10;5;10194,42;4
1162;36;68;2;400,88;4
1163;432;10;24;8707,73;19
1164;302;4;20;5958,22;22
1165;300;56;1;1061;1
1166;821;2;26;44719,84;50
1167;128;47;2;2576,78;5
1168;45;2;8;1141,25;7
1169;267;3;5;15188,27;18
1170;661;3;7;14880,97;4
1171;297;2;16;6849,99;18
1172;151;11;5;3891,41;9
1173;1380;7;14;42870,28;43
1174;129;21;5;5066,4;11
1175;3575;1;58;173280,71;47
1176;856;3;30;21112,61;14
1177;10675;2;60;635018,85;71
1178;135;48;3;8127,54;15
1179;201;6;6;2549,52;7
1180;3;66;1;55,77;1
1181;1565;3;28;40911,66;27
1182;15;23;6;277,98;4
1183;104;4;3;2134,99;3
1184;3629;2;59;120064,01;35
1185;607;10;10;33984,16;35
1186;133;45;5;3967,56;10
1187;15;32;1;278,85;1
1188;341;7;16;16562,91;16
1189;653;3;16;32147,22;44
1190;125;11;3;1405,94;4
1191;198;12;3;16733,52;18
1192;196;4;13;5602,71;14
1193;153;5;10;3675,1;12
1194;80;10;8;1667,75;3
1195;7249;3;20;179399,24;24
1196;50;2;12;698,14;2
1197;355;3;19;8680,32;13
1198;362;4;6;35609,73;26
1199;441;1;3;21790,37;10
1200;823;3;24;43845,59;24
1201;48;6;12;1239,02;5
1202;114;13;12;1782,13;9
1203;24;49;2;402,11;2
1204;259;7;15;10074,93;26
1205;635;3;13;61436,34;30
1206;246;10;12;3554,5;12
1207;90;34;4;939,96;3
1208;153;62;3;2783,03;6
1209;697;6;17;16065,55;29
1210;27682;2;60;1816338,45;106
1211;231;17;5;12382,92;23
1212;12;46;1;149,97;1
1213;54;3;6;1763,16;9
1214;103;49;3;4624,93;12
1215;176;4;11;5954,4;8
1216;210;14;8;4714,65;3
1217;76;17;15;2766,59;10
1218;216;1;3;7238,85;7
1219;3561;2;50;89848,64;39
1220;1423;5;16;56260,78;50
1221;1748;5;16;101269,56;44
1222;1572;5;18;77353,24;47
1223;3608;6;20;287439,87;57
1224;173;11;3;12375,18;14
1225;467;4;19;23231,79;34
1226;228;48;5;12388,08;15
1227;86;6;12;1806,92;10
1228;7419;3;15;943458,01;77
1229;349;3;6;7414,83;10
1230;894;13;10;67585,87;36
1231;927;1;3;98155,77;18
1232;19;17;1;216,26;2
1233;28;47;1;520,52;1
1234;43;40;1;489,94;2
1235;168;3;11;4049,6;12
1236;271;6;5;34804,07;23
1237;23;7;5;384,42;4
1238;29;46;1;1252,96;4
1239;22;4;3;271,54;3
1240;141;4;11;4852,78;10
1241;957;4;4;176281,29;69
1242;278;11;5;2556,17;4
1243;457;3;14;11091,38;18
1244;174;13;7;2507,23;8
1245;142;7;15;2685,86;19
1246;12;47;1;223,08;1
1247;70;24;3;3696,18;9
1248;25953;3;64;2194894,59;101
1249;12;79;1;74,72;1
1250;93;13;9;1941,71;7
1251;119;20;6;3288,04;10
1252;352;6;8;6416,18;11
1253;118;6;10;4738,58;12
1254;913;33;5;132177,97;44
1255;24;80;1;299,94;1
1256;1036;4;20;15915,57;19
1257;61;25;4;1328,62;7
1258;228;3;12;6624,62;18
1259;876;14;18;26219,78;26
1260;615;5;18;14324,23;12
1261;283;3;14;3792,01;14
1262;196;7;10;9977,94;17
1263;381;5;12;9793,63;8
1264;6;11;2;135,84;2
1265;269;4;16;6786,19;7
1266;40;4;2;377,4;1
1267;85;40;3;1112,87;5
1268;102;7;15;2528,28;13
1269;127;18;6;5349,72;10
1270;57;11;6;1900,89;9
1271;292;2;33;11103,09;11
1272;390;35;3;8360,04;6
1273;227;7;10;8096,89;15
1274;46114;2;62;6978490,74;104
1275;90;7;7;1354,37;6
1276;405;3;12;13483,56;27
1277;1859;4;20;125824,36;55
1278;17;49;4;152,65;3
1279;4;17;1;69,96;1
1280;1308;1;3;138337,02;19
1281;655;6;18;20859,74;14
1282;2;54;1;37,18;1
1283;3012;6;33;79086,96;50
1284;232;6;9;3958,93;11
1285;220;63;2;1166,65;2
1286;4;60;1;43,49;1
1287;150;4;10;4529,83;13
1288;8;72;1;142,32;3
1289;6051;3;58;161900,94;58
1290;193;47;2;6854,72;10
1291;180;4;2;14647,78;18
1292;88;4;8;787,1;3
1293;20;7;1;753,56;4
1294;262;18;6;4889,27;13
1295;1;79;1;17,49;1
1296;94;10;8;1785,74;10
1297;123;2;7;2177,59;7
1298;330;12;23;33215,65;19
1299;216;4;12;10955,78;20
1300;118;7;10;2886,37;13
1301;107;6;9;1645,91;13
1302;751;12;9;50654;30
1303;42;62;1;283,22;1
1304;227;5;17;8104,07;20
1305;372;5;24;13929,84;16
1306;233;33;8;4490,89;13
1307;1551;1;3;181807,95;23
1308;104;14;5;2976,89;7
1309;745;5;13;35350,48;45
1310;96;4;14;1461,63;12
1311;609;14;12;18388,8;27
1312;392;12;8;19389,98;17
1313;1140;10;8;101726,49;33
1314;109;42;2;1607,96;5
1315;70;11;4;1717,52;11
1316;476;5;12;19531,34;21
1317;90;6;7;1208,69;11
1318;4785;54;5;35405,22;6
1319;12227;3;20;511021,63;73
1320;112;4;6;2074,17;6
1321;446;2;14;11014,94;24
1322;377;11;6;4695,17;7
1323;497;5;8;27438,85;27
1324;829;2;26;25412,83;28
1325;156;17;13;1396,2;2
1326;891;5;8;58022,74;31
1327;1477;7;19;71974,59;43
1328;1661;3;20;119669,42;65
1329;317;4;33;4046,29;15
1330;147;5;11;1459,17;4
1331;5;6;1;39,45;1
1332;12;42;2;118,97;2
1333;191;3;11;3987,51;10
1334;382;4;24;7963,71;12
1335;211;5;10;5799,93;18
1336;36;49;2;470,96;4
1337;128;10;5;4011,51;12
1338;828;3;11;66597,32;43
1339;152;29;10;2058,72;5
1340;52355;1;77;22862940,66;136
1341;1271;5;19;59923,91;34
1342;43;42;4;900,16;5
1343;931;41;9;18649,58;16
1344;1138;6;1;63811,68;17
1345;1266;2;28;24276,93;23
1346;3144;5;25;114931,19;45
1347;10457;2;56;477034,56;52
1348;330;7;26;5022,29;14
1349;18;18;3;263,12;3
1350;27;75;1;340,74;2
1351;85;19;5;1007,16;7
1352;1368;7;22;46861,17;47
1353;660;4;13;31564,75;32
1354;10;3;1;191,52;2
1355;153;19;6;2172,26;7
1356;22;10;2;272,21;3
1357;1326;4;21;77877,76;43
1358;1825;7;29;63204,93;54
1359;555;67;1;304,14;1
1360;143;59;3;2234,23;6
1361;204;34;4;2698,06;6
1362;50;41;2;239,75;2
1363;464;3;17;14115,21;12
1364;68;18;2;1164,35;4
1365;106;35;4;1128,85;4
1366;181;5;10;6341,64;15
1367;179;7;15;7146,91;12
1368;246;2;31;3711,96;16
1369;987;5;21;31819,47;49
1370;10;54;1;78,9;1
1371;1477;13;10;43428,75;29
1372;67;17;6;1598,56;8
1373;203;5;7;5476,07;15
1374;131;28;12;2873,77;13
1375;16;14;2;160,33;3
1376;285;3;8;3812,63;7
1377;8;4;1;75,48;1
1378;1030;3;14;106719,83;42
1379;316;9;14;5657,13;9
1380;806;10;9;51309,03;38
1381;20;80;2;145,8;1
1382;158;5;19;5582,06;11
1383;1906;53;6;18890,2;4
1384;300;4;2;6999,14;3
1385;773;4;23;31336,24;34
1386;224;20;8;3379,31;14
1387;102;24;2;435,57;2
1388;485;3;11;27219,37;20
1389;607;7;20;28018,54;30
1390;8;23;1;75,48;1
1391;148;27;13;1828,48;7
1392;137;34;5;3990,26;8
1393;977;7;14;54920,28;11
1394;490;3;3;2415,63;3
1395;182;10;5;3889,46;10
1396;29;60;2;805,56;4
1397;40;20;2;237,15;2
1398;111;6;12;1340;10
1399;287;3;6;15207,42;14
1400;775;6;13;51426,47;25
1401;502;4;12;34719,01;27
1402;72;5;1;1333,08;4
1403;411;5;12;19906,64;29
1404;484;3;31;10711,09;14
1405;30;23;1;1520,24;4
1406;368;12;14;20003,07;28
1407;840;1;3;69241,9;12
1408;513;6;13;17652,32;25
1409;1708;7;34;60958,29;40
1410;105;6;6;2288,48;12
1411;2;79;1;37,18;1
1412;373;6;12;13118,35;14
1413;249;5;6;3897,05;6
1414;81;4;10;2480,77;8
1415;57;34;3;1489,57;7
1416;12;39;2;113,22;1
1417;40;52;1;377,4;1
1418;1926;13;16;130520,21;47
1419;808;2;22;17783,1;15
1420;104;13;15;1500,12;3
1421;1626;1;3;238177,88;29
1422;3535;49;3;18485,51;2
1423;3;76;1;55,77;1
1424;66;66;1;3936,24;8
1425;204;10;5;9471;10
1426;554;20;8;34809,55;12
1427;45;7;16;793,46;7
1428;534;4;10;34214,78;20
1429;105993;2;79;12461473,65;107
1430;88;4;11;1731,34;9
1431;509;2;12;21603,52;24
1432;409;6;11;15872,82;33
1433;465;6;7;124394,01;44
1434;934;6;24;24880,49;41
1435;69;90;1;4823,52;6
1436;1229;3;22;65580,42;33
1437;263;11;13;11210,3;19
1438;350;4;10;23777,64;26
1439;803;3;24;20033,76;20
1440;219;6;11;4782,96;12
1441;1711;3;13;454977,98;65
1442;19;34;2;196,14;3
1443;24;6;2;214,8;1
1444;2336;3;23;103720,06;51
1445;650;4;23;25456,36;36
1446;200;13;7;3808,36;5
1447;650;5;18;13214,87;24
1448;59;25;5;1432,46;5
1449;163;34;11;7611,87;19
1450;272;4;15;10409,08;18
1451;101;10;9;3829,26;9
1452;96;44;4;3171,74;7
1453;371;4;14;20896,6;21
1454;74;4;10;1791,85;13
1455;94;3;5;3821,77;16
1456;311;17;4;5750,76;7
1457;671;2;10;38193,78;21
1458;207;46;3;2428,32;3
1459;465;1;3;37430,85;13
1460;24;72;1;199,96;1
1461;550;4;22;18316,65;27
1462;151;10;4;1959,88;7
1463;12;10;3;136,22;3
1464;54;25;2;370,22;3
1465;56;5;4;936,16;3
1466;290;14;15;10513,18;11
1467;1887;3;17;84963,79;37
1468;344;10;18;7609,62;18
1469;323;7;17;11577,31;25
1470;24;40;1;226,44;1
1471;20;7;3;698,21;6
1472;515;1;3;35028,09;12
1473;629;5;13;18616,87;35
1474;168;5;9;2020,31;6
1475;307;2;22;4776,73;12
1476;24;60;1;728,82;3
1477;129;34;5;1674,98;6
1478;270;6;7;14757,11;13
1479;72;4;10;622,62;5
1480;38877;2;64;4794635,85;102
1481;5;47;2;55,98;2
1482;241;5;10;4457,49;12
1483;114;46;6;2417,2;8
1484;12;46;2;161,94;3
1485;18;21;1;121,86;1
1486;8247;5;30;164107,06;35
1487;239;3;12;3657,48;8
1488;70;18;15;756,8;7
1489;123;4;9;4726,21;18
1490;507;6;19;32313,27;23
1491;18662;5;19;352667,37;27
1492;300;87;1;1798,95;1
1493;262;6;23;2505,29;11
1494;90;74;4;3211,74;12
1495;154;6;6;5778,58;13
1496;490;53;4;24284,7;21
1497;148;11;6;1380,73;7
1498;6;87;1;107,04;2
1499;85;16;11;642,02;8
1500;30;55;1;127,83;1
1501;768;3;21;19567,87;18
1502;87;4;8;1734,88;14
1503;213;5;8;6547,08;18
1504;138;19;5;2236,05;4
1505;704;3;23;5226,98;11
1506;136;11;3;1686,62;5
1507;174;18;3;15798,92;17
1508;124;28;12;2676,89;7
1509;1543;4;17;109497,54;54
1510;668;1;3;49602,45;17
1511;82;35;4;1047,58;6
